DatabaseClass text,MagazineClass text,MagazineId numeric
"2K11 Krug-M","2K11 Krug-M Store","0"
"2K11 Krug-M1","2K11 Krug-M1 Store","0"
"2K11 Krug-M2","2K11 Krug-M2 Store","0"
"2K11 Krug-M3","2K11 Krug-M3 Store","0"
"2K12 Kub","2K12 Kub Store","0"
"2K12-M1 Kub-M1","2K12-M1 Kub-M1 Store","0"
"2K12-M3 Kub-M3","2K12-M3 Kub-M3 Store","0"
"2K12-M4 Kub-M4","2K12-M4 Kub-M4 Store","0"
"2K12E Kvadrat","2K12E Kvadrat Store","0"
"9K33 OSA","9K33 OSA Store","0"
"9K33M2 OSA-AK","9K33M2 OSA-AK Store","0"
"9K33M3 OSA-AKM","9K33M3 OSA-AKM Store","0"
"9K37 Buk","9K37 Buk Store","0"
"9K37 Gang","9K37 Gang Store","0"
"9K37-1 Buk-1","9K37-1 Buk-1 Store","0"
"9K37M1 Buk-M1","9K37M1 Buk-M1 Store","0"
"Adelaide FFG","Adelaide Gun/CM Magazine","0"
"Adelaide FFG","Adelaide Helo Fuel Bunker","2"
"Adelaide FFG","Adelaide Torpedo Magazine","1"
"Adelaide FFG","Ship Helo Stores","3"
"AGP Class Cartagena","BL-161 fuel helo","0"
"Airstrip","Fuel depot","0"
"Airstrip","Generic stores","1"
"Pr 503M","Alpinist Ammo Mag","0"
"ANZAC FFH","ANZAC Gun/CM Magazine","0"
"ANZAC FFH","ANZAC Helo Fuel Bunker","2"
"ANZAC FFH","ANZAC Torpedo Magazine","1"
"ANZAC FFH","Ship Helo Stores","3"
"ANZAC-II FFG","ANZAC Gun/CM Magazine","0"
"ANZAC-II FFG","ANZAC Helo Fuel Bunker","2"
"ANZAC-II FFG","ANZAC Torpedo Magazine","1"
"ANZAC-II FFG","Ship Helo Stores","3"
"Arleigh Burke DDGHM","SH-60 1.1 Support","0"
"Arleigh Burke DDGHM","Mk-41 VLS Mod2 90 Cell","1"
"Arleigh Burke DDGHM","Phalanx 1 x2 Store","3"
"Arleigh Burke DDGHM","127mm Mk-45 680 rounds","2"
"Arleigh Burke II DDGHM","SH-60 1.1 Support","0"
"Arleigh Burke II DDGHM","Mk-41 VLS Mod2 90 Cell","1"
"Arleigh Burke II DDGHM","Phalanx 1 x2 Store","3"
"Arleigh Burke II DDGHM","127mm Mk-45 680 rounds","2"
"Arleigh Burke IIA DDGHM","SH-60 2.2 Support","0"
"Arleigh Burke IIA DDGHM","Mk-41 VLS Mod2 96 Cell","1"
"Arleigh Burke IIA DDGHM","Phalanx 1 x2 Store","3"
"Arleigh Burke IIA DDGHM","127mm Mk-45 680 rounds","2"
"Austin LPD","Austin LPD Ammo Mag","0"
"Austin LPD","Phalanx 1 x2 Store","1"
"Avenger MCM","Avenger Ammo Mag","0"
"BAL Class Ciudad Bolivar","T-81 helo fuel","0"
"Blue Ridge AGFH","Blue Ridge Ammo Mag","0"
"Blue Ridge AGFH","Phalanx 1 x2 Store","1"
"Blue Ridge AGFH","Generic Stores","2"
"Bristol Bloodhound MKI","Bristol Bloodhound MKI Store","0"
"Bristol Bloodhound MKII","Bristol Bloodhound MKII Store","0"
"C-130H","C-130H Cargo Bay","0"
"C-130J","C-130J Cargo Bay","0"
"CH-53E","CH-53E Cargo","0"
"Cheng Kung FFG","SH-60 1.1 Support","0"
"Cheng Kung FFG","Phalanx 0 x1 Store","2"
"Cheng Kung FFG","Cheng Kung Magazine","1"
"Collins SSK","Collins Torpedo Racks","0"
"Collins SSK","Collins Missile Racks","1"
"Converted Austin AGFH","Converted Austin Ammo Mag","1"
"Converted Austin AGFH","Phalanx 1 x2 Store","0"
"Converted Raleigh AGFH","Converted Raleigh Ammo Mag","1"
"Converted Raleigh AGFH","Phalanx 1 x2 Store","0"
"Cyclone PBFM","Cyclone Ammo Box","0"
"Cyclone PBFM","Cyclone Missile Box","1"
"Edenton WMEC","USCGS Helo Support","1"
"Edenton WMEC","Edenton Ammo Mag","0"
"Pr 537 Osminol","Elbrus ASRH Ammo Mag","0"
"Emery S Land ASH","Emery Ammo Mag","0"
"CVN-65 (Enterprise) USS Enterprise","Carrier Fuel Supply","0"
"CVN-65 (Enterprise) USS Enterprise","Carrier Magazine","1"
"Famous Cutter WMEC","USCGS Helo Support","1"
"Famous Cutter WMEC","Famous Ammo Mag","0"
"FF Class Mariscal Sucre (2001)","127/54 Compact polvorin Lupo","1"
"FF Class Mariscal Sucre (2001)","LUPO CHAFF","0"
"FF Class Mariscal Sucre (2001)","Lupo helo fuel","2"
"FF Class Mariscal Sucre (2001)","Lupo torpedos","3"
"FF Class Mariscal Sucre (2005)","127/54 Compact polvorin Lupo","1"
"FF Class Mariscal Sucre (2005)","Lupo helo fuel","2"
"FF Class Mariscal Sucre (2005)","Lupo torpedos","3"
"FF Class Mariscal Sucre (2005)","LUPO VCHAFF","0"
"FF Class Mariscal Sucre","127/54 Compact polvorin Lupo","1"
"FF Class Mariscal Sucre","Lupo helo fuel","2"
"FF Class Mariscal Sucre","Lupo torpedos","3"
"FF Class Mariscal Sucre","LUPO VCHAFF","0"
"FL Class Almirante Padilla (2011)","76/62 Compact santabarbara","1"
"FL Class Almirante Padilla (2011)","Padilla Chaff","0"
"FL Class Almirante Padilla (2011)","Padilla Fuel Helo","2"
"FL Class Almirante Padilla","76/62 Compact santabarbara","1"
"FL Class Almirante Padilla","Padilla Fuel Helo","2"
"FL Class Almirante Padilla","PADILLA VCHAFF","0"
"Generic mobile Artillery 105mm","Gen Arty 105mm Machine Gun ammo","0"
"Generic Mobile Artillery 155mm","Gen Arty 105mm Machine Gun ammo","0"
"Generic submarine","Generic sub torpedo magazine","0"
"Guardian YP","Guardian Ammo Box","0"
"Gun Test Boat","Magazine Fast","1"
"Gun Test Boat","Magazine Slow","0"
"Hai Lung SS","Hai Lung magazine","0"
"Hamilton WHEC","USCGS Helo Support","2"
"Hamilton WHEC","Phalanx 1 x1 Store","0"
"Hamilton WHEC","Hamilton Ammo Mag","1"
"Harbour Security Craft YP",".30cal x1 Ammo Box","0"
"Harpers Ferry LSD-CV","Harpers Ammo Mag","1"
"Harpers Ferry LSD-CV","Harpers Missile Mag","0"
"Harpers Ferry LSD-CV","Phalanx 1 x2 Store","2"
"Harushio","Sub 20","0"
"Hero WHEC","USCGS Helo Support","2"
"Hero WHEC","Phalanx 1 x1 Store","0"
"Hero WHEC","Hero Ammo Mag","1"
"Hobart DDG","Hobart Gun/CM Magazine","0"
"Hobart DDG","Hobart Helo Fuel Bunker","2"
"Hobart DDG","Hobart Torpedo Magazine","1"
"Hobart DDG","Ship Helo Stores","3"
"CV/DDH Hyuga","Carrier Fuel Supply","0"
"CV/DDH Hyuga","Hyuga Aircraft Stores","1"
"CV/DDH Hyuga","Mk-41 VLS Mod4 16 Cell","2"
"CV/DDH Hyuga","Phalanx Store","3"
"Island WPB","Island Ammo Mag","0"
"CV-67 (JFK) USS John F Kennedy","Carrier Fuel Supply","0"
"CV-67 (JFK) USS John F Kennedy","Carrier Magazine","1"
"Juniper Buoy Tender WLB","Juniper Ammo Mag","0"
"CVN-64 -67 (Kitty Hawk) Kitty Hawk","Carrier Fuel Supply","0"
"CVN-64 -67 (Kitty Hawk) Kitty Hawk","Carrier Magazine","1"
"Knox FFG","SH-2F 1.1 Support","0"
"Knox FFG","Phalanx 0 x1 Store","2"
"Knox FFG","127mm Mk-42 500 Rounds","1"
"Kobben","Sub 12","0"
"Landing Craft Air Cushion LCAC","LCAC LCAC Ammo Mag","0"
"LCU 1600 LCU-Army","LCU-1600 Ammo Mag","0"
"LCU 1600 LCU-Navy","LCU-1600 Ammo Mag","0"
"Leander FF Batch 3","Lynx 1.2 Support","2"
"Leander FF Batch 3","Leander Ammo Mag","0"
"Leander FF Batch 3","Sea Cat Store 16","1"
"Leander FF Batch 3A","Lynx 1.2 Support","2"
"Leander FF Batch 3A","Leander A Ammo Mag","0"
"Leander FF Batch 3A","Sea Wolf Store 20","1"
"Leander FF Batch 3B","Lynx 1.2 Support","2"
"Leander FF Batch 3B","Leander Ammo Mag","0"
"Leander FF Batch 3B","Sea Wolf Store 20","1"
"Legend WMSL","USCGS Helo Support","2"
"Legend WMSL","Phalanx 1 x1 Store","1"
"Legend WMSL","Legend WMSL Ammo Mag","0"
"Light Patrol Boat PBF","LPB PBF Ammo Box","0"
"SSN 688 Los Angeles (1985)","688 magazine","0"
"SSN 688 Los Angeles Improved","688 magazine","0"
"SSN 688 Los Angeles","688 magazine","0"
"LST Class Capana","Capana fuel helo","0"
"Marine Protector WPB","Mk V HSIC Ammo Mag","0"
"MIM-104 Patriot PAC-1","MIM-104 Patriot PAC-1 Store","0"
"MIM-104 Patriot PAC-2","MIM-104 Patriot PAC-2 Store","0"
"MIM-104 Patriot PAC-3","MIM-104 Patriot PAC-3 Store","0"
"MIM-104 Patriot","MIM-104 Patriot Store","0"
"MIM-14 Nike Hercules Improved","MIM-14 Nike Hercules Store","0"
"MIM-14 Nike Hercules","MIM-14 Nike Hercules Store","0"
"MIM-23 I-Hawk ECCM","MIM-23 I-Hawk ECCM Store","0"
"MIM-23 I-Hawk LCe","MIM-23 I-Hawk LCe Store","0"
"MIM-23 I-Hawk mTMD","MIM-23 I-Hawk mTMD Store","0"
"MIM-23 I-Hawk Phase2","MIM-23 Hawk Store","0"
"MIM-23 I-Hawk Phase2","MIM-23 I-Hawk Phase2 Store","1"
"MIM-23 I-Hawk XXI","MIM-23 I-Hawk XXI Store","0"
"MIM-23 I-Hawk","MIM-23 I-Hawk Store","0"
"CVN-68 (Nimitz) USS Nimitz","Nimitz Fuel","0"
"CVN-68 (Nimitz) USS Nimitz","Nimitz Magazine","1"
"CVN-68 (Nimitz) USS Nimitz","4x Phalanx 1B","2"
"CVN-68 (Nimitz) USS Nimitz(RCOH)","Nimitz Fuel","0"
"CVN-68 (Nimitz) USS Nimitz(RCOH)","Nimitz Magazine","1"
"CVN-69 (Nimitz) USS Dwight D. Eisenhower","Nimitz Fuel","0"
"CVN-69 (Nimitz) USS Dwight D. Eisenhower","Nimitz Magazine","1"
"CVN-69 (Nimitz) USS Dwight D. Eisenhower","4x Phalanx 1B","2"
"CVN-69 (Nimitz) USS Dwight D. Eisenhower(RCOH)","Nimitz Fuel","0"
"CVN-69 (Nimitz) USS Dwight D. Eisenhower(RCOH)","Nimitz Magazine","1"
"CVN-70 (Nimitz) USS Carl Vinson","Nimitz Fuel","0"
"CVN-70 (Nimitz) USS Carl Vinson","Nimitz Magazine","1"
"CVN-70 (Nimitz) USS Carl Vinson","4x Phalanx 1B","2"
"CVN-70 (Nimitz) USS Carl Vinson(RCOH)","Nimitz Fuel","0"
"CVN-70 (Nimitz) USS Carl Vinson(RCOH)","Nimitz Magazine","1"
"CVN-71 (Nimitz) USS Theodore Roosevelt","Nimitz Fuel","0"
"CVN-71 (Nimitz) USS Theodore Roosevelt","Nimitz Magazine","1"
"CVN-71 (Nimitz) USS Theodore Roosevelt","4x Phalanx 1B","2"
"CVN-72 (Nimitz) USS Abraham Lincoln","Nimitz Fuel","0"
"CVN-72 (Nimitz) USS Abraham Lincoln","Nimitz Magazine","1"
"CVN-72 (Nimitz) USS Abraham Lincoln","4x Phalanx 1B","2"
"CVN-73 (Nimitz) USS George Washington","Nimitz Fuel","0"
"CVN-73 (Nimitz) USS George Washington","Nimitz Magazine","1"
"CVN-73 (Nimitz) USS George Washington","4x Phalanx 1B","2"
"CVN-74 (Nimitz) USS John C. Stennis","Nimitz Fuel","0"
"CVN-74 (Nimitz) USS John C. Stennis","Nimitz Magazine","1"
"CVN-74 (Nimitz) USS John C. Stennis","4x Phalanx 1B","2"
"CVN-75 (Nimitz) USS Harry S. Truman","Nimitz Fuel","0"
"CVN-75 (Nimitz) USS Harry S. Truman","Nimitz Magazine","1"
"CVN-75 (Nimitz) USS Harry S. Truman","4x Phalanx 1B","2"
"CVN-76 (Nimitz) USS Ronald Reagan","Nimitz Fuel","0"
"CVN-76 (Nimitz) USS Ronald Reagan","Nimitz Magazine","1"
"CVN-76 (Nimitz) USS Ronald Reagan","4x Phalanx 1B","2"
"CVN-77 (Nimitz) USS George H.W. Bush","Nimitz Fuel","0"
"CVN-77 (Nimitz) USS George H.W. Bush","Nimitz Magazine","1"
"CVN-77 (Nimitz) USS George H.W. Bush","4x Phalanx 1B","2"
"Oberon SS","Oberon Torpedo Racking","0"
"SSGN 726 Ohio (2008)","Ohio Torpedo Room","0"
"SSBN 726 Ohio","Ohio Torpedo Room","0"
"Oliver Hazard Perry FF","SH-60 1.1 Support","0"
"Oliver Hazard Perry FF","Phalanx 1 x1 Store","1"
"Oliver Hazard Perry FF","76mm/62 mk75 240 rounds","2"
"Osprey MHC","Osprey MHC Ammo Mag","0"
"Pijao SSK","U209 santabarbara","0"
"Polar WAGBH","USCGS Helo Support","1"
"Polar WAGBH","Polar WAGBH Ammo Mag","0"
"Pr 10410 Svetlyak","AK-630 x1 Store","1"
"Pr 10410 Svetlyak","Pr10410 Ammo Mag","0"
"Pr 10750 Sapfir","AK-630 x1 Store","0"
"Pr 1124M Albatros","Pr1124M Ammo Mag","1"
"Pr 1124M Albatros","AK-630 x1 Store","0"
"Pr 1124ME Albatros","AK-630 x1 Store","0"
"Pr 1124ME Albatros","Pr1124ME Ammo Mag","1"
"Pr 1131M","AK-630 x1 Store","0"
"Pr 1131M","Pr1131M Ammo Mag","1"
"Pr 1134B Berkut B","KA-25 2.2 Support","1"
"Pr 1134B Berkut B","AK-630 x4 Store","2"
"Pr 1134B Berkut B","Pr1134B Ammo Mag","0"
"Pr 1135 Burevestnik","Pr1135 Ammo Mag","0"
"Pr 11351 Nerey","KA-25 1.1 Support","1"
"Pr 11351 Nerey","AK-230 x2 Store","2"
"Pr 11351 Nerey","Pr11351 Ammo Mag","0"
"Pr 1135M Burevestnik-M","Pr1135M Ammo Mag","0"
"Pr 1143 Krechet","Carrier Fuel Supply","0"
"Pr 1143 Krechet","Carrier Magazine","1"
"Pr 11435 Brezhnev","Carrier Fuel Supply","0"
"Pr 11435 Brezhnev","Carrier Magazine","1"
"Pr 1144 Orlan","KA-25 3.3 Support","2"
"Pr 1144 Orlan","AK-630 x6 Store","3"
"Pr 1144 Orlan","Kashtan x6 Store","1"
"Pr 1144 Orlan","Pr1144 Ammo Mag","0"
"Pr 11451 Sokol-2","AK-630 x2 Store","0"
"Pr 11540 Yastreb","KA-25 1.1 Support","3"
"Pr 11540 Yastreb","AK-630 x2 Store","2"
"Pr 11540 Yastreb","Kashtan x2 Store","1"
"Pr 11540 Yastreb","Pr11540 Ammo Mag","0"
"Pr 1155 Fregat","KA-25 1.2 Support","2"
"Pr 1155 Fregat","AK-630 x4 Store","1"
"Pr 1155 Fregat","Pr1155 Ammo Mag","0"
"Pr 11551 Fregat-M","KA-25 1.2 Support","3"
"Pr 11551 Fregat-M","AK-630 x2 Store","2"
"Pr 11551 Fregat-M","Kashtan x2 Store","1"
"Pr 11551 Fregat-M","Pr11551 Ammo Mag","0"
"Pr 1164 Atlant","KA-25 1.3 Support","2"
"Pr 1164 Atlant","AK-630 x6 Store","1"
"Pr 1164 Atlant","Pr1164 Ammo Mag","0"
"Pr 11661 Yastreb","AK-630 x2 Store","1"
"Pr 11661 Yastreb","Pr11661 Ammo Mag","0"
"Pr 1171 Tapir","Strela2 x12 Mag","0"
"Pr 1206 Kalmar","Pr1206 Ammo Mag","0"
"Pr 12321 Dzheyran","AK-630 Twin x2 Store","0"
"Pr 12322 Zubr","AK-630 x2 Store","0"
"Pr 12322 Zubr","Strela2 x16 Mag","1"
"Pr 1239 Sivuch","AK-630 x2 Store","0"
"Pr 1265 Yakhont","AK-630 x2 Store","0"
"Pr 1265 Yakhont","Strela2 x16 Mag","1"
"Pr 12660 Rubin","AK-630 x2 Store","0"
"Pr 12660 Rubin","Strela2 x16 Mag","1"
"Pr 14310 Mirazh","AK-230 x1 Store","0"
"Pr 1559V Morskoy Prostor","Pr1559V Ammo Mag","0"
"Pr 1791","Pr1791 Ammo Mag","0"
"Pr 1826 Rubidiy","AK-630 x1 Store","0"
"Pr 1826 Rubidiy","Strela2 x16 Mag","1"
"Pr 20380 Steregushchiy","Pr20380 Ammo Mag","0"
"Pr 20380 Steregushchiy","Kashtan x2 Store","2"
"Pr 20380 Steregushchiy","AK-630 x2 Store","1"
"Pr 205P Tarantul","Pr205P Ammo Mag","0"
"Pr 206MR Vikhr","AK-630 x1 Store","0"
"Pr 266M Akvamarin-M","Pr266M Ammo Mag","0"
"Pr 266M Akvamarin-M","AK-630 x2 Store","1"
"Pr 266M Akvamarin-M","Strela2 x16 Mag","2"
"Pr 61 Kashin","Pr61 Ammo Mag","0"
"Pr 641B Som","Sub 24","0"
"Pr 667AT Gruscha","Russian Torpedo Racking","0"
"Pr 667BDR Kalmar","Russian Torpedo Racking","0"
"Pr 667BDRM Delfin","Russian Torpedo Racking","0"
"Pr 670 Skat","Charlie torpedo magazine","0"
"Pr 670M Chayka","Charlie torpedo magazine","0"
"Pr 671 Yorzh","Russian Sub 18","0"
"Pr 671RTMK Shchuka","Russian Torpedo Racking","0"
"Pr 685 Plavnik","Russian Sub 20","0"
"Pr 705 Lira","Russian Sub 20","0"
"Pr 771 Polnocny-B","Pr771 Ammo Mag","0"
"Pr 771 Polnocny-B","Strela2 x32 Mag","1"
"Pr 775  Ropucha","Pr775 Ammo Mag","1"
"Pr 775  Ropucha","AK-630 x2 Store","0"
"Pr 775  Ropucha","Strela2 x32 Mag","2"
"Pr 864 Meridian","AK-630 x2 Store","0"
"Pr 864 Meridian","Strela2 x16 Mag","1"
"Pr 877E Paltus","Sub 12","0"
"Pr 877E Paltus","Sub SAM Stores","1"
"Pr 877M Paltus","Sub 12","0"
"Pr 877M Paltus","Sub SAM Stores","1"
"Pr 885 Yasen","Russian Torpedo Racking","0"
"Pr 941 Akula","Russian Torpedo Racking","0"
"Pr 941 Akula","Sub SAM Stores","1"
"Pr 945 Barrakuda","Russian Sub 20","0"
"Pr 945A Kondor","Russian Sub 20","0"
"Pr 949A Antey","Russian Sub 20","0"
"Pr 956 Sarych","KA-25 1.2 Support","2"
"Pr 956 Sarych","AK-630 x4 Store","1"
"Pr 956 Sarych","Pr956 Ammo Mag","0"
"Pr 956E Sarych","Ship Helo Stores","3"
"Pr 956E Sarych","Sovremenny Gun/CM Magazine","0"
"Pr 956E Sarych","Sovremenny Helo Fuel Bunker","2"
"Pr 956E Sarych","Sovremenny Torpedo Magazine","1"
"Pr 956EM Sarych","Kashtan SA-N-11 Magazine x 4","4"
"Pr 956EM Sarych","Ship Helo Stores","3"
"Pr 956EM Sarych","Sovremenny (EM) Gun/CM Magazine","0"
"Pr 956EM Sarych","Sovremenny Helo Fuel Bunker","2"
"Pr 956EM Sarych","Sovremenny Torpedo Magazine","1"
"Pr 971 Shchuka-B","Russian Sub 40","0"
"Pr 971I Irbis","Russian Sub 40","0"
"Pr 971U Shchuka-B","Russian Sub 40","0"
"Pr 97P","AK-630 Twin x1 Store","0"
"Rapier-Mobile","Rapier-Towed Magazine","0"
"Rapier-Towed","Rapier-Towed Magazine","0"
"Reliance WMEC","USCGS Helo Support","1"
"Reliance WMEC","Reliance WMEC Ammo Mag","0"
"Rigid Inflatable Boat PBF","PB Ammo Box","0"
"Riverine Assault Craft LCPF","PB Ammo Box","0"
"S-125 Neva","S-125 Neva Store","0"
"S-125 Pechora-2","S-125 Pechora-2 Store","0"
"S-125 Pechora-2M","S-125 Pechora-2M Store","0"
"S-125 Pechora-M","S-125 Pechora-M Store","0"
"S-125M Neva-M","S-125M Neva-M Store","0"
"S-125M1 Neva-M1","S-125M1 Neva-M1 Store","0"
"S-200 Vega","S-200 Vega Store","0"
"S-200A Angara","S-200A Angara Store","0"
"S-200D Dubna","S-200D Dubna Store","0"
"S-200M Vega-M","S-200M Vega-M Store","0"
"S-200V Vega","S-200V Vega Store","0"
"S-200VE Vega-E","S-200VE Vega-E Store","0"
"S-25M Berkut","S-25M Berkut Store","0"
"S-25MA Berkut","S-25MA Berkut Store","0"
"S-300P","S-300P Store","0"
"S-300PM","S-300PM Store","0"
"S-300PM-1","S-300PM-1 Store","0"
"S-300PM-2 Favorit","S-300PM-2 Favorit Store","0"
"S-300PMU","S-300PMU Store","0"
"S-300PMU-1","S-300PMU-1 Store","0"
"S-300PMU-2","S-300PMU-2 Store","0"
"S-300PS","S-300PS Store","0"
"S-300PT","S-300PT Store","0"
"S-300PT-1","S-300PT-1 Store","0"
"S-300PT-1A","S-300PT-1A Store","0"
"S-300V1","S-300V1 Store","0"
"S-300V2","S-300V2 Store","0"
"S-400 Triumf","S-400 Triumf Store","0"
"S-75 Desna","S-75 Desna Store","0"
"S-75 Dvina","S-75 Dvina Store","0"
"S-75M Dvina","S-75M Dvina Store","0"
"S-75M Volga","S-75M Volga Store","0"
"S-75M Volkhov","S-75M Volkhov Store","0"
"S-75M2 Volkhov","S-75M2 Volkhov Store","0"
"S-75M3 Volkhov","S-75M3 Volkhov Store","0"
"S-75M4 Volkhov","S-75M4 Volkhov Store","0"
"Sabalo SSK","U209 santabarbara","0"
"Sacramento AOEHM","Phalanx 1 x2 Store","0"
"San Antonio LPDM","San Antonio Ammo Mag","0"
"San Antonio LPDM","Mk-41 VLS Mod4 16 Cell","1"
"SSN 21 Seawolf","Seawolf magazine","0"
"CV (Kuznetsov) Liaoning","Kashtan SA-N-11 Magazine x 8","3"
"CV (Kuznetsov) Liaoning","Shi Lang Airwing Magazine I","1"
"CV (Kuznetsov) Liaoning","Shi Lang Airwing Magazine II","2"
"CV (Kuznetsov) Liaoning","Shi Lang Aviation Fuel Bunker","0"
"CV (Kuznetsov) Liaoning","Shi Lang Gun/CM Magazine","4"
"Sir Lancelot LST","Sir Lancelot Ammo Mag","0"
"Small Airstrip","Fuel depot","0"
"Small Airstrip","Generic stores","1"
"Spruance DDG ABL 93","SH-2F 2.3 Support","2"
"Spruance DDG ABL 93","Phalanx 1 x2 Store","1"
"Spruance DDG ABL 93","RIM-116 21 x1 Store","3"
"Spruance DDG ABL 93","127mm Mk-45 1200 rounds","0"
"Spruance DDG ABL","SH-2F 2.3 Support","2"
"Spruance DDG ABL","Phalanx 1 x2 Store","1"
"Spruance DDG ABL","127mm Mk-45 1200 rounds","0"
"Spruance DDG VLS 93","SH-2F 2.3 Support","2"
"Spruance DDG VLS 93","Mk-41 VLS Mod1 61 Cell","3"
"Spruance DDG VLS 93","Phalanx 1 x2 Store","1"
"Spruance DDG VLS 93","RIM-116 21 x1 Store","4"
"Spruance DDG VLS 93","127mm Mk-45 1200 rounds","0"
"Spruance DDG VLS","SH-2F 2.3 Support","2"
"Spruance DDG VLS","Mk-41 VLS Mod1 61 Cell","3"
"Spruance DDG VLS","Phalanx 1 x2 Store","1"
"Spruance DDG VLS","127mm Mk-45 1200 rounds","0"
"Spruance DDG","SH-2F 2.3 Support","2"
"Spruance DDG","Phalanx 1 x2 Store","1"
"Spruance DDG","127mm Mk-45 1200 rounds","0"
"SSC-1(12)","SSC-1 Store 12","0"
"SSC-1(18)","SSC-1 Store 18","0"
"SSC-1(24)","SSC-1 Store 24","0"
"SSC-1(30)","SSC-1 Store 30","0"
"SSC-1(36)","SSC-1 Store 36","0"
"SSC-1(6)","SSC-1 Store 6","0"
"SSC-2(12)","SSC-2 Store 12","0"
"SSC-2(18)","SSC-2 Store 18","0"
"SSC-2(24)","SSC-2 Store 24","0"
"SSC-2(30)","SSC-2 Store 30","0"
"SSC-2(36)","SSC-2 Store 36","0"
"SSC-2(6)","SSC-2 Store 6","0"
"SSC-3(12)","SSC-3 Store 12","0"
"SSC-3(18)","SSC-3 Store 18","0"
"SSC-3(24)","SSC-3 Store 24","0"
"SSC-3(30)","SSC-3 Store 30","0"
"SSC-3(36)","SSC-3 Store 36","0"
"SSC-3(6)","SSC-3 Store 6","0"
"SSC-4(12)","SSC-4 Store 12","0"
"SSC-4(18)","SSC-4 Store 18","0"
"SSC-4(24)","SSC-4 Store 24","0"
"SSC-4(30)","SSC-4 Store 30","0"
"SSC-4(36)","SSC-4 Store 36","0"
"SSC-4(6)","SSC-4 Store 6","0"
"Storis WMEC","Storis Ammo Mag","0"
"SSN 637 Sturgeon","688 magazine","0"
"Swiftsure SSN","Switsure Torpedo Racking","0"
"Tarawa LHAM","Tarawa Ammo Mag","0"
"Tarawa LHAM","RIM-116 21 x2 Store","2"
"Tarawa LHAM","Phalanx 1 x2 Store","1"
"Ticonderoga CG Baseline 1","SH-60 2.2 Support","3"
"Ticonderoga CG Baseline 1","Mk-26 Mod0 + Mod1 Store","0"
"Ticonderoga CG Baseline 1","Phalanx 0 x2 Store","2"
"Ticonderoga CG Baseline 1","127mm Mk-45 1200 rounds","1"
"Ticonderoga CG Baseline 2","SH-60 2.2 Support","3"
"Ticonderoga CG Baseline 2","Mk-41 VLS Mod0 122 Cell","0"
"Ticonderoga CG Baseline 2","Phalanx 1 x2 Store","2"
"Ticonderoga CG Baseline 2","127mm Mk-45 1200 rounds","1"
"Ticonderoga CG Baseline 3","SH-60 2.2 Support","3"
"Ticonderoga CG Baseline 3","Mk-41 VLS Mod0 122 Cell","0"
"Ticonderoga CG Baseline 3","Phalanx 1 x2 Store","2"
"Ticonderoga CG Baseline 3","127mm Mk-45 1200 rounds","1"
"Ticonderoga CG Baseline 4","SH-60 2.2 Support","3"
"Ticonderoga CG Baseline 4","Mk-41 VLS Mod0 122 Cell","0"
"Ticonderoga CG Baseline 4","Phalanx 1 x2 Store","2"
"Ticonderoga CG Baseline 4","127mm Mk-45 1200 rounds","1"
"Trafalgar SSN","trafalgar Torpedo Racking","0"
"Type 22 FF Batch 1","Lynx 2.2 Support","2"
"Type 22 FF Batch 1","Sea Wolf Store 40","0"
"Type 22 FF Batch 1","Type 22 B1/2 Ammo Mag","1"
"Type 22 FF Batch 2","Lynx 2.2 Support","2"
"Type 22 FF Batch 2","Sea Wolf Store 40","0"
"Type 22 FF Batch 2","Type 22 B1/2 Ammo Mag","1"
"Type 22 FF Batch 3","Lynx 2.2 Support","3"
"Type 22 FF Batch 3","Goalkeeper x1 Store","1"
"Type 22 FF Batch 3","114mm/55(4.5in) mk8 800 rounds","0"
"Type 22 FF Batch 3","Sea Wolf Store 40","2"
"Type 23 FF","Lynx 2.2 Support","3"
"Type 23 FF","114mm/55(4.5in) mk8 800 rounds","0"
"Type 23 FF","Sea Wolf Store 20","2"
"Type 23 FF","Type 23 Ammo Mag","1"
"Type 42 DDG Batch 1","Lynx 1.2 Support","3"
"Type 42 DDG Batch 1","114mm/55(4.5in) mk8 800 rounds","1"
"Type 42 DDG Batch 1","Phalanx 0 x2 Store","0"
"Type 42 DDG Batch 1","Sea Dart magazine 22","2"
"Type 42 DDG Batch 2","Lynx 1.2 Support","3"
"Type 42 DDG Batch 2","114mm/55(4.5in) mk8 800 rounds","1"
"Type 42 DDG Batch 2","Phalanx 0 x1 Store","0"
"Type 42 DDG Batch 2","Sea Dart magazine 22","2"
"Type 42 DDG Batch 3","Lynx 1.2 Support","3"
"Type 42 DDG Batch 3","114mm/55(4.5in) mk8 800 rounds","1"
"Type 42 DDG Batch 3","Phalanx 0 x1 Store","0"
"Type 42 DDG Batch 3","Sea Dart magazine 40","2"
"Whidbey Island LSDHM","Whidbey LSDHM Ammo Mag","0"
"Whidbey Island LSDHM","RIM-116 21 x2 Store","2"
"Whidbey Island LSDHM","Phalanx 1 x2 Store","1"
"Yushio","Sub 20","0"
"ZSU-23-4 Donets","ZSU-23-4 Donets Store","0"
"ZSU-23-4 Shilka","ZSU-23-4 Shilka Store","0"
"ZSU-23-4M Biryusa","ZSU-23-4M Biryusa Store","0"
"ZSU-23-4M2 Biryusa","ZSU-23-4M2 Biryusa Store","0"
"ZSU-23-4M4 Biryusa","ZSU-23-4M4 Biryusa Store","0"
"ZSU-23-4MP Biala","ZSU-23-4MP Biala Store","0"
"ZSU-23-4MZ Biryusa","ZSU-23-4MZ Biryusa Store","0"
"ZSU-23-4V Shilka","ZSU-23-4V Shilka Store","0"
"ZSU-23-4V1 Shilka","ZSU-23-4V1 Shilka Store","0"
"Kidd DDG","SH-60 1.2 Support","0"
"Kidd DDG","Mk-26 Mod0 + Mod1 Store","1"
"Kidd DDG","Phalanx 0 x1 Store","3"
"Kidd DDG","127mm Mk-45 1200 rounds","2"
"Virginia CGN B2","Mk-26 Mod0 + Mod1 Store","0"
"Virginia CGN B2","127mm Mk-45 1200 rounds","1"
"Virginia CGN B2","US Ship Torpedo Racks","2"
"Virginia CGN B3","Mk-26 Mod0 + Mod1 Store","0"
"Virginia CGN B3","127mm Mk-45 1200 rounds","1"
"Virginia CGN B3","Phalanx 0 x2 Store","2"
"Virginia CGN B3","US Ship Torpedo Racks","3"
"Henry J Kaiser","Oiler fuel tank","0"
"Henry J Kaiser","Cargo 7000","1"
"Halifax FFH","Ship stores","0"
"Halifax FFH","Phalanx 1 x2 Store","1"
"Halifax FFH","Main gun reloads","2"
"Lewis and Clark","Fuel tank 26000","0"
"Lewis and Clark","Cargo 39000","1"
"Forbin","NH-90 1.2 Support","1"
"Forbin","Sylver A50 VLS 48 Cell","0"
"Forbin","76mm/62 mk75 240 rounds","3"
"Forbin","French Combat Stores","4"
"Forbin","Mistral Sadral Mag x2","2"
"Tourville","Lynx 2.2 Support","1"
"Tourville","Crotale Naval 16","0"
"Tourville","100mm/55 Model 1968 1200 Rounds","2"
"Tourville","French Combat Stores","3"
"CV R91 Charles de Gaulle","Charles de Gaulle CVN Fuel","0"
"CV R91 Charles de Gaulle","Charles de Gaulle CVN Magazine","1"
"CV R91 Charles de Gaulle","Mistral Sadral Mag x2","2"
"SA-330J","Cargo 8","0"
"SA-365","Cargo 3","0"
"AS 565MB Panther","Cargo 3","0"
"Etna (A5326)","Cargo 39000","1"
"SH-3D","Cargo 3","0"
"Maestrale","Ship stores","0"
"Maestrale","Ship stores","1"
"Maestrale","Fuel depot","2"
"AW101 Series 110","Cargo 20","0"
"CV R91 Charles de Gaulle","Sylver A43 VLS 32 Cell","3"
"Georges Leygues DDGHM(D640)(79)","Lynx 2.2 Support","1"
"Georges Leygues DDGHM(D640)(79)","Crotale Naval 26","0"
"Georges Leygues DDGHM(D640)(79)","100mm/55 Model 1968 600 rounds","2"
"Georges Leygues DDGHM(D640)(79)","Mistral Simbad Mag x2","3"
"Georges Leygues DDGHM(D640)(79)","French Combat Stores","4"
"Georges Leygues DDGHM(D640)(96)","Lynx 2.2 Support","1"
"CH-47D","CH-53E Cargo","0"
"Mi-24D","Cargo 4","0"
"Mi-25","Cargo 4","0"
"SA-321G","Cargo 3","0"
"Georges Leygues DDGHM(D640)(96)","Crotale Naval 26","0"
"Georges Leygues DDGHM(D640)(96)","100mm/55 Model 1968 600 rounds","2"
"Georges Leygues DDGHM(D640)(96)","Mistral Sadral Mag x2","3"
"Georges Leygues DDGHM(D640)(96)","French Combat Stores","4"
"Georges Leygues DDGHM(D644)(86)","Lynx 2.2 Support","1"
"Georges Leygues DDGHM(D644)(86)","Crotale Naval 26","0"
"Georges Leygues DDGHM(D644)(86)","100mm/55 Model 1968 600 rounds","2"
"Georges Leygues DDGHM(D644)(86)","Mistral Sadral Mag x2","3"
"Georges Leygues DDGHM(D644)(86)","French Combat Stores","4"
"Georges Leygues DDGHM(D640)(02)","Lynx 2.2 Support","1"
"Georges Leygues DDGHM(D640)(02)","Crotale Naval 26","0"
"Georges Leygues DDGHM(D640)(02)","100mm/55 Model 1968 600 rounds","2"
"Georges Leygues DDGHM(D640)(02)","Mistral Sadral Mag x2","3"
"Georges Leygues DDGHM(D640)(02)","French Combat Stores","4"
"Georges Leygues DDGHM(D644)(02)","Lynx 2.2 Support","1"
"Georges Leygues DDGHM(D644)(02)","Crotale Naval 26","0"
"Georges Leygues DDGHM(D644)(02)","100mm/55 Model 1968 600 rounds","2"
"Georges Leygues DDGHM(D644)(02)","Mistral Sadral Mag x2","3"
"Georges Leygues DDGHM(D644)(02)","French Combat Stores","4"
"Bremen FFGHM (1982)","Lynx 1.1 Support","0"
"Bremen FFGHM (1982)","76mm/62 mk75 240 rounds","1"
"Bremen FFGHM (1993)","Lynx 1.1 Support","0"
"Bremen FFGHM (1993)","76mm/62 mk75 240 rounds","1"
"Bremen FFGHM (1993)","RIM-116 21 x2 Store","2"
"Pr 641 SSK","Sub 24","0"
"Pr 641 SSK(Libya)","Sub 24","0"
"Pr 1159TR Koni","AK-230 x2 Store","0"
"Pr 1159TR Koni","AK-726 x2 Store","1"
"Pr 1159TR Koni(Libya)","AK-230 x2 Store","0"
"Pr 1159TR Koni(Libya)","AK-726 x2 Store","1"
"Combattante II G (Libya)","Combattante IIG Ammo Mag","0"
"Brandenburg FFGHM","Lynx 2.2 Support","0"
"Brandenburg FFGHM","76mm/62 mk75 240 rounds","1"
"Brandenburg FFGHM","RIM-116 21 x2 Store","2"
"Brandenburg FFGHM","20mm Rh202 x2 Store","3"
"Brandenburg FFGHM","Mk-41 VLS Mod4 16 Cell","4"
"Rubis","Rubis Torpedo Racks","0"
"Rubis AMETHYSTE","Rubis Torpedo Racks","0"
"Type 212A","Type 212 Torpedo Racks","0"
"Braunschweig","RIM-116 21 x2 Store","1"
"Braunschweig","76mm/62 mk75 240 rounds","2"
"Braunschweig","27mm MLG 27 x2 Store","3"
"Albatros Type 143A","76mm/62 mk75 x2 480 rounds","1"
"Gepard Type 143 (1992)","76mm/62 mk75 240 rounds","1"
"Gepard Type 143 (1992)","RIM-116 21 x1 Store","2"
"Gepard Type 143","76mm/62 mk75 x2 480 rounds","1"
"Todaro","Type 212 Torpedo Racks","0"
"D Estienne D Orves","100mm/55 Model 1968 600 rounds","2"
"D Estienne D Orves","Mistral Simbad Mag x1","3"
"D Estienne D Orves","French Combat Stores","4"
"Floreal","AS 565 1.2 Support","1"
"Floreal","100mm/55 Model 1968 600 rounds","2"
"Floreal","Mistral Simbad Mag x2","3"
"Floreal","French Combat Stores","4"
"La Fayette","AS 565 1.1 Support","1"
"La Fayette","100mm/55 Model 1968 600 rounds","2"
"La Fayette","Crotale Naval 26","3"
"La Fayette","French Combat Stores","4"
"Pr 877EKM Paltus","Sub 12","0"
"Pr 877EKM Paltus","Sub SAM Stores","1"
"Pr 877EKM Paltus(Algeria)","Sub 12","0"
"Pr 877EKM Paltus(Algeria)","Sub SAM Stores","1"
"Pr 877EKM Paltus(India)","Sub 12","0"
"Pr 877EKM Paltus(India)","Sub SAM Stores","1"
"Pr 877EKM Paltus(Romania)","Sub 12","0"
"Pr 877EKM Paltus(Romania)","Sub SAM Stores","1"
"Pr 877EKM Paltus(Iran)","Sub 12","0"
"Pr 877EKM Paltus(Iran)","Sub SAM Stores","1"
"Pr 877EKM Paltus(China)","Sub 12","0"
"Pr 877EKM Paltus(China)","Sub SAM Stores","1"
"Pr 8773EKM Paltus","Sub 12","0"
"Pr 636 Vashavyanka(China)","Sub 12","0"
"Pr 636M Vashavyanka(China)","Sub 12","0"
"Pr 636M Vashavyanka(Algeria)","Sub 12","0"
"Pr 8773EKM Paltus(India)","Sub 12","0"
"Pr 8773EKM Paltus(India)","Sub SAM Stores","1"
"Pr 877V Alrossa","Sub 12","0"
"Pr 877V Alrossa","Sub SAM Stores","1"
"Andrea Doria","Ship stores","0"
"Andrea Doria","Ship stores","1"
"Andrea Doria","Fuel depot","2"
"Andrea Doria","Sylver A50 VLS 48 Cell","3"
"CVN R98 Clemenceau/R99 Foch","Carrier Fuel Supply","0"
"CVN R98 Clemenceau/R99 Foch","Carrier Magazine","1"
"CVN R98 Clemenceau/R99 Foch","Generic Stores","2"
"Iowa BB","Iowa Main Ammo Mag","0"
"Iowa BB","Iowa Secondary Magazine","1"
"Iowa BB","Iowa Tertiary Magazine","2"
"Iowa BB (1982)","Ship Helo Stores","0"
"Iowa BB (1982)","Mk-41 VLS 32 Cell","1"
"Iowa BB (1982)","Phalanx 0 x4 Store","2"
"Iowa BB (1982)","Iowa Main Ammo Mag","3"
"Iowa BB (1982)","Iowa Secondary Magazine (1982)","4"
"Fletcher","Fletcher Primary Magazine","0"
"Fletcher","Fletcher Secondary Magazine","1"
"Fletcher","Fletcher Torpedo Racks","2"
"Fletcher DDE 1949","Fletcher Primary Magazine","0"
"Fletcher DDE 1949","Fletcher Secondary Magazine","1"
"Fletcher DDE 1949","Fletcher Torpedo Racks","2"
"Fletcher DDE 1949(Italy)","Fletcher Primary Magazine","0"
"Fletcher DDE 1949(Italy)","Fletcher Secondary Magazine","1"
"Fletcher DDE 1949(Italy)","Fletcher Torpedo Racks","2"
"Fletcher(Germany)","Fletcher Primary Magazine","0"
"Fletcher(Germany)","Fletcher Secondary Magazine","1"
"Fletcher(Germany)","Fletcher Torpedo Racks","2"
"Fletcher(Brazil)","Fletcher Primary Magazine","0"
"Fletcher(Brazil)","Fletcher Secondary Magazine","1"
"Fletcher(Brazil)","Fletcher Torpedo Racks","2"
"Fletcher(Spain)","Fletcher Primary Magazine","0"
"Fletcher(Spain)","Fletcher Secondary Magazine","1"
"Fletcher(Spain)","Fletcher Torpedo Racks","2"
"Fletcher(Taiwan)","Fletcher Primary Magazine","0"
"Fletcher(Taiwan)","Fletcher Secondary Magazine","1"
"Fletcher(Taiwan)","Fletcher Torpedo Racks","2"
"Fletcher(Japan)","Fletcher Primary Magazine","0"
"Fletcher(Japan)","Fletcher Secondary Magazine","1"
"Fletcher(Japan)","Fletcher Torpedo Racks","2"
"Fletcher(Greece)","Fletcher Primary Magazine","0"
"Fletcher(Greece)","Fletcher Secondary Magazine","1"
"Fletcher(Greece)","Fletcher Torpedo Racks","2"
"Fletcher(Turkey)","Fletcher Primary Magazine","0"
"Fletcher(Turkey)","Fletcher Secondary Magazine","1"
"Fletcher(Turkey)","Fletcher Torpedo Racks","2"
"Fletcher(Korea, South)","Fletcher Primary Magazine","0"
"Fletcher(Korea, South)","Fletcher Secondary Magazine","1"
"Fletcher(Korea, South)","Fletcher Torpedo Racks","2"
"Fletcher(Mexico)","Fletcher Primary Magazine","0"
"Fletcher(Mexico)","Fletcher Secondary Magazine","1"
"Fletcher(Mexico)","Fletcher Torpedo Racks","2"
"Fletcher(Argentina)","Fletcher Primary Magazine","0"
"Fletcher(Argentina)","Fletcher Secondary Magazine","1"
"Fletcher(Argentina)","Fletcher Torpedo Racks","2"
"Fletcher(Peru)","Fletcher Primary Magazine","0"
"Fletcher(Peru)","Fletcher Secondary Magazine","1"
"Fletcher(Peru)","Fletcher Torpedo Racks","2"
"Fletcher(Colombia)","Fletcher Primary Magazine","0"
"Fletcher(Colombia)","Fletcher Secondary Magazine","1"
"Fletcher(Colombia)","Fletcher Torpedo Racks","2"
"Fletcher(Italy)","Fletcher Primary Magazine","0"
"Fletcher(Italy)","Fletcher Secondary Magazine","1"
"Fletcher(Italy)","Fletcher Torpedo Racks","2"
"Fletcher(Chile)","Fletcher Primary Magazine","0"
"Fletcher(Chile)","Fletcher Secondary Magazine","1"
"Fletcher(Chile)","Fletcher Torpedo Racks","2"
"Allen M Sumner","Sumner Primary Magazine","0"
"Allen M Sumner","Sumner Secondary Magazine","1"
"Allen M Sumner","Sumner Torpedo Racks","2"
"Allen M Sumner(1945)","Sumner Primary Magazine","0"
"Allen M Sumner(1945)","Sumner Secondary Magazine","1"
"Allen M Sumner(1945)","Sumner Torpedo Racks","2"
"Allen M Sumner(1950)","Sumner Primary Magazine","0"
"Allen M Sumner(1950)","Sumner Secondary Magazine","1"
"Allen M Sumner(1950)","Sumner Torpedo Racks","2"
"Allen M Sumner(1952)","Sumner Primary Magazine","0"
"Allen M Sumner(1952)","Sumner Secondary Magazine","1"
"Allen M Sumner(1952)","Sumner Torpedo Racks","2"
"Allen M Sumner(1953)","Sumner Primary Magazine","0"
"Allen M Sumner(1953)","Sumner Secondary Magazine","1"
"Allen M Sumner(1953)","Sumner Torpedo Racks","2"
"Allen M Sumner(1959)","Sumner Primary Magazine","0"
"Allen M Sumner(1959)","Sumner Secondary Magazine","1"
"Allen M Sumner(1959)","Sumner Torpedo Racks","2"
"Allen M Sumner(1962)","Sumner Primary Magazine","0"
"Allen M Sumner(1962)","Sumner Secondary Magazine","1"
"Allen M Sumner(1962)","Sumner Torpedo Racks","2"
"Allen M Sumner(1966)","Sumner Primary Magazine","0"
"Allen M Sumner(1966)","DASH Support Stores","1"
"Allen M Sumner(Argentina)","Sumner Primary Magazine","0"
"Allen M Sumner(Argentina)","DASH Support Stores","1"
"Allen M Sumner(Brazil)","Sumner Primary Magazine","0"
"Allen M Sumner(Brazil)","DASH Support Stores","1"
"Allen M Sumner(Chile)","Sumner Primary Magazine","0"
"Allen M Sumner(Chile)","DASH Support Stores","1"
"Allen M Sumner(Colombia)","Sumner Primary Magazine","0"
"Allen M Sumner(Colombia)","DASH Support Stores","1"
"Allen M Sumner(Greece)","Sumner Primary Magazine","0"
"Allen M Sumner(Greece)","DASH Support Stores","1"
"Allen M Sumner(Iran)","Sumner Primary Magazine","0"
"Allen M Sumner(Iran)","DASH Support Stores","1"
"Allen M Sumner(Korea, South)","Sumner Primary Magazine","0"
"Allen M Sumner(Korea, South)","DASH Support Stores","1"
"Allen M Sumner(Taiwan)","Sumner Primary Magazine","0"
"Allen M Sumner(Taiwan)","DASH Support Stores","1"
"Allen M Sumner(Venezuela)","Sumner Primary Magazine","0"
"Allen M Sumner(Venezuela)","DASH Support Stores","1"
"Pr 633","Sub 14","0"
"Type 053","Sub 14","0"
"Pr 633(Algeria)","Sub 14","0"
"Pr 633(Bulgaria)","Sub 14","0"
"Pr 633(Egypt)","Sub 14","0"
"Pr 633(Syria)","Sub 14","0"
"Type 053(Egypt)","Sub 14","0"
"Type 053(Korea, North)","Sub 14","0"
"9K32 Strela 2 MANPAD","SA-7 Backpack","0"
"9K32 Strela 2 Truck","SA-7 Missile Pack","0"
"Gotland","Gotland Torpedo Racks","0"
"Cassard(88)","AS 565 1.2 Support","1"
"Cassard(88)","Mk-13 Mod4 Rotary Store 40","0"
"Cassard(88)","100mm/55 Model 1968 600 rounds","2"
"Cassard(88)","Mistral Sadral Mag x2","3"
"Cassard(88)","French Combat Stores","4"
"Cassard(92)","AS 565 1.2 Support","1"
"Cassard(92)","Mk-13 Mod4 Rotary Store 40","0"
"Cassard(92)","100mm/55 Model 1968 600 rounds","2"
"Cassard(92)","Mistral Sadral Mag x2","3"
"Cassard(92)","French Combat Stores","4"
"Oliver Hazard Perry FFGHM","SH-60 1.1 Support","0"
"Oliver Hazard Perry FFGHM","Mk-13 Mod4 Rotary Store 40","1"
"Oliver Hazard Perry FFGHM","Phalanx 1 x1 Store","2"
"Oliver Hazard Perry FFGHM","76mm/62 mk75 240 rounds","3"
"Oliver Hazard Perry FFGHM(Bahrain)","SH-60 1.1 Support","0"
"Oliver Hazard Perry FFGHM(Bahrain)","Mk-13 Mod4 Rotary Store 40","1"
"Oliver Hazard Perry FFGHM(Bahrain)","Phalanx 1 x1 Store","2"
"Oliver Hazard Perry FFGHM(Bahrain)","76mm/62 mk75 240 rounds","3"
"Oliver Hazard Perry FFGHM(Egypt)","SH-60 1.1 Support","0"
"Oliver Hazard Perry FFGHM(Egypt)","Mk-13 Mod4 Rotary Store 40","1"
"Oliver Hazard Perry FFGHM(Egypt)","Phalanx 1 x1 Store","2"
"Oliver Hazard Perry FFGHM(Egypt)","76mm/62 mk75 240 rounds","3"
"Charles F Adams DDG-15","127mm Mk-42 500 Rounds","0"
"Charles F Adams DDG-15","Mk-13 Rotary Store 40","1"
"Charles F Adams DDG-15","Mk-32 Torpedo Racks","2"
"Charles F Adams DDG-15","Mk-112 ASROC Reloads","3"
"Charles F Adams DDG-2","127mm Mk-42 500 Rounds","0"
"Charles F Adams DDG-2","Mk-11 Rotary Store 42","1"
"Charles F Adams DDG-2","Mk-32 Torpedo Racks","2"
"Charles F Adams DDG-2","Mk-112 ASROC Reloads","3"
"Charles F Adams DDG-15 1981","127mm Mk-42 500 Rounds","0"
"Charles F Adams DDG-15 1981","Mk-13 Rotary Store 40","1"
"Charles F Adams DDG-15 1981","Mk-32 Torpedo Racks","2"
"Charles F Adams DDG-15 1981","Mk-112 ASROC Reloads","3"
"Hauk PTGM","40mm L70 Trinity magazine","0"
"Hauk PTGM","20mm Rh202 magazine","1"
"Hauk PTGM 1994","40mm L70 Trinity magazine","0"
"Hauk PTGM 1994","Mistral Simbad Mag x1","1"
"Hauk PTGM 2001","40mm L70 Trinity magazine","0"
"Hauk PTGM 2001","Mistral Simbad Mag x1","1"
"Storm PGM","40mm L70 Trinity magazine","0"
"Storm PGM","76mm TAK 76 magazine","1"
"Lutjens DDG","127mm Mk-42 500 Rounds","0"
"Lutjens DDG","Mk-13 Rotary Store 40 Lutjens","1"
"Lutjens DDG","Mk-32 Torpedo Racks","2"
"Lutjens DDG","Mk-112 ASROC Reloads","3"
"Lutjens DDG 1993","127mm Mk-42 500 Rounds","0"
"Lutjens DDG 1993","Mk-13 Rotary Store 40 Lutjens","1"
"Lutjens DDG 1993","Mk-32 Torpedo Racks","2"
"Lutjens DDG 1993","Mk-112 ASROC Reloads","3"
"Lutjens DDG 1993","RIM-116 21 x2 Store","4"
"Fridtjof Nansen FFGHM","Mk-41 VLS Mod10 8 Cell","0"
"Fridtjof Nansen FFGHM","76mm/62 mk75 240 rounds","1"
"Fridtjof Nansen FFGHM","NH-90 1.1 Support","2"
"Hamburg DD","100mm/55 model 1964 2400 Rounds","0"
"Hamburg DD","40mm/L70 Bofors Twin x4 Magazine","1"
"Hamburg DD","Hamburg Torpedo Racks","2"
"Hamburg DDG 1975","100mm/55 model 1964 2400 Rounds","0"
"Hamburg DDG 1975","40mm/L70 Bofors Twin x4 Magazine","1"
"Hamburg DDG 1975","Hamburg Torpedo Racks","2"
"Vastergotland","Gotland Torpedo Racks","0"
"Sodermanland","Gotland Torpedo Racks","0"
"Long Beach CGN","Mk-10 Store 120","1"
"Long Beach CGN","Mk-12 Store 52","2"
"Long Beach CGN","Long beach Deck Gun Magazine","3"
"Long Beach CGN","Long Beach Torpedo Racks","4"
"Long Beach CGN","Long Beach ASROC Reloads","5"
"Long Beach CGN B2","Mk-10 Store 120","1"
"Long Beach CGN B2","Phalanx 0 x2 Store","2"
"Long Beach CGN B2","Long beach Deck Gun Magazine","3"
"Long Beach CGN B2","Long Beach Torpedo Racks","4"
"Long Beach CGN B2","Long Beach ASROC Reloads","5"
"Pr 1134 Berkut","Kresta Torpedo Racks","4"
"Pr 1134 Berkut","KA-25 2.2 Support","1"
"Pr 1134 Berkut","AK-725 x2 Store","2"
"Pr 1134 Berkut","Kresta I Sam Store","3"
"Pr 1134A Berkut","Kresta Torpedo Racks","4"
"Pr 1134A Berkut","KA-25 2.2 Support","1"
"Pr 1134A Berkut","AK-725 x2 Store","2"
"Pr 1134A Berkut","Kresta II Sam Store","3"
"Pr 1134A Berkut","AK-630 x4 Store","5"
"Pr 671RT Syomga","Russian Sub 18","0"
"Pr 627 Kit","Russian Sub 20","0"
"Pr 659T","Russian Sub 12","0"
"Pr 675","Russian Sub 16","0"
"Pr 659","Russian Sub 12","0"
"Pr 68bis","Sverdlov Primary Magazine","0"
"Pr 68bis","Sverdlov Secondary Magazine","1"
"Pr 68bis","Sverdlov Tertiary Magazine","2"
"Belknap CG","Mk-10 Store 60","0"
"Belknap CG","127mm Mk-42 500 Rounds","1"
"Belknap CG","76mm mk33 x2 store","2"
"Belknap CG","SH-2F 1.1 Support","3"
"Belknap CG (87)","Mk-10 Store 60","0"
"Belknap CG (87)","127mm Mk-42 500 Rounds","1"
"Belknap CG (87)","Phalanx 1 x2 Store","2"
"Belknap CG (87)","SH-2F 1.1 Support","3"
"Truxtun CGN","Mk-10 Store 60","0"
"Truxtun CGN","127mm Mk-42 500 Rounds","1"
"Truxtun CGN","76mm mk33 x2 store","2"
"Truxtun CGN","SH-2F 1.1 Support","3"
"Truxtun CGN (84)","Mk-10 Store 60","0"
"Truxtun CGN (84)","127mm Mk-42 500 Rounds","1"
"Truxtun CGN (84)","Phalanx 1 x2 Store","2"
"Truxtun CGN (84)","SH-2F 1.1 Support","3"
"Leahy CG","Mk-10 Store 80","0"
"Leahy CG","76mm mk33 x2 store","1"
"Leahy CG","Mk-32 Torpedo Racks","2"
"Leahy CG (66)","Mk-10 Store 80","0"
"Leahy CG (66)","76mm mk33 x2 store","1"
"Leahy CG (66)","Mk-32 Torpedo Racks","2"
"Leahy CG (78)","Mk-10 Store 80","0"
"Leahy CG (78)","Mk-32 Torpedo Racks","1"
"Leahy CG NTU (88)","Mk-10 Store 80","0"
"Leahy CG NTU (88)","Phalanx 0 x2 Store","1"
"Leahy CG NTU (88)","Mk-32 Torpedo Racks","2"
"Sachsen FFGHM","Lynx 2.2 Support","0"
"Sachsen FFGHM","27mm MLG 27 x2 Store","4"
"Sachsen FFGHM","RIM-116 21 x2 Store","2"
"Sachsen FFGHM","76mm/62 mk75 240 rounds","3"
"Sachsen FFGHM","Mk-41 VLS Mod10 32 Cell","1"
"Kortenaer FFG","Lynx 2.2 Support","0"
"Kortenaer FFG","Sea Sparrow Reloads","1"
"Kortenaer FFG","76mm/62 mk75 x2 480 rounds","2"
"Kortenaer FFG (1984)","Lynx 2.2 Support","0"
"Kortenaer FFG (1984)","Sea Sparrow Reloads","1"
"Kortenaer FFG (1984)","76mm/62 mk75 x2 480 rounds","2"
"Kortenaer FFG (1984)","Goalkeeper x1 Store","3"
"Elli FFG","Lynx 2.2 Support","0"
"Elli FFG","Sea Sparrow Reloads","1"
"Elli FFG","76mm/62 mk75 x2 480 rounds","2"
"Elli FFG","Phalanx 0 x2 Store","3"
"CV (R05/6/7) Invincible","Goalkeeper Store","0"
"CV (R05/6/7) Invincible","Sea Dart magazine 40","1"
"CV (R05/6/7) Invincible","Carrier Fuel Supply","2"
"CV (R05/6/7) Invincible","Invincible Carrier Magazine","3"
"Type 82 DDG","Sea Dart magazine 40","0"
"Type 82 DDG","114mm/55(4.5in) mk8 800 rounds","1"
"Type 82 DDG","30mm GCM-A03-2 x2 Store","2"
"CV R12 Hermes","Carrier Fuel Supply","0"
"CV R12 Hermes","Hermes Carrier Magazine","1"
"CV R12 Hermes","40mm Bofors x2 Magazine x5","2"
"CV R12 Hermes (1966)","Carrier Fuel Supply","0"
"CV R12 Hermes (1966)","Hermes Carrier Magazine","1"
"CV R12 Hermes (1966)","Sea Cat Store 48","2"
"Type 45 DDG","Sylver A50 VLS 48 Cell","0"
"Type 45 DDG","114mm/55(4.5in) mk8 800 rounds","1"
"Type 45 DDG","Phalanx 1 x2 Store","2"
"Type 45 DDG","Lynx 2.2 Support","3"
"Descubierta FFG","Sea Sparrow Reloads","0"
"Descubierta FFG","76mm/62 mk75 240 rounds","1"
"Descubierta FFG","40mm/70 x2 Magazine","2"
"Descubierta FFG","Mk-32 Torpedo Racks","3"
"Descubierta FFG (Egypt)","Sea Sparrow Reloads","0"
"Descubierta FFG (Egypt)","76mm/62 mk75 240 rounds","1"
"Descubierta FFG (Egypt)","40mm/70 x2 Magazine","2"
"Descubierta FFG (Egypt)","Mk-32 Torpedo Racks","3"
"Descubierta FFG (1987)","Sea Sparrow Reloads","0"
"Descubierta FFG (1987)","76mm/62 mk75 240 rounds","1"
"Descubierta FFG (1987)","Meroka x2 Store","2"
"Descubierta FFG (1987)","Mk-32 Torpedo Racks","3"
"Descubierta FFG (Morocco)","Sea Sparrow Reloads","0"
"Descubierta FFG (Morocco)","76mm/62 mk75 240 rounds","1"
"Descubierta FFG (Morocco)","40mm/70 x2 Magazine","2"
"Descubierta FFG (Morocco)","Mk-32 Torpedo Racks","3"
"Baleares FFG (1991)","Mk-22 GMLS Rotary Store","0"
"Baleares FFG (1991)","Meroka x2 Store","1"
"Baleares FFG (1991)","127mm Mk-42 500 Rounds","2"
"Baleares FFG (1991)","Mk-32 Torpedo Racks","3"
"Baleares FFG (1991)","Mk-37 Torpedo Racks","4"
"Baleares FFG (1985)","Mk-22 GMLS Rotary Store","0"
"Baleares FFG (1985)","Meroka x2 Store","1"
"Baleares FFG (1985)","127mm Mk-42 500 Rounds","2"
"Baleares FFG (1985)","Mk-32 Torpedo Racks","3"
"Baleares FFG (1985)","Mk-37 Torpedo Racks","4"
"Baleares FFG","Mk-22 GMLS Rotary Store","0"
"Baleares FFG","127mm Mk-42 500 Rounds","1"
"Baleares FFG","Mk-32 Torpedo Racks","2"
"Baleares FFG","Mk-37 Torpedo Racks","3"
"Jacob van Heemskerck FFG","Sea Sparrow Reloads","0"
"Jacob van Heemskerck FFG","Mk-13 Mod4 Rotary Store 40","1"
"Jacob van Heemskerck FFG","Goalkeeper x1 Store","2"
"Jacob van Heemskerck FFG","Mk-32 Torpedo Racks","3"
"Jacob van Heemskerck FFG (Chile)","Sea Sparrow Reloads","0"
"Jacob van Heemskerck FFG (Chile)","Mk-13 Mod4 Rotary Store 40","1"
"Jacob van Heemskerck FFG (Chile)","Goalkeeper x1 Store","2"
"Jacob van Heemskerck FFG (Chile)","Mk-32 Torpedo Racks","3"
"Wielingen FFGM","100mm/55 Model 1968 600 rounds","0"
"Wielingen FFGM","L5 Torpedo Racks","1"
"Oslo FFGM (1987)","Oslo Magazine","0"
"Oslo FFGM (1987)","Mk-32 Torpedo Racks","1"
"Oslo FFGM (1987)","Sea Sparrow Reloads","2"
"Oslo FFGM (1977)","Oslo Magazine","0"
"Oslo FFGM (1977)","Mk-32 Torpedo Racks","1"
"Oslo FFGM (1977)","Sea Sparrow Reloads","2"
"Pr 1234E Ovod-E (Libya)","9K33 OSA Store","0"
"Pr 1234 Ovod","9K33 OSA Store","0"
"Pr 1234 Ovod","Ovod 57mm Magazine","1"
"Pr 12341 Ovod-1","9K33 OSA Store","0"
"Pr 12341 Ovod-1","76mm AK-176 Magazine 152 Rounds","1"
"Pr 12347 Nakat","76mm AK-176 Magazine 152 Rounds","0"
"Pr 12347 Nakat","9K33 OSA Store","1"
"Pr 1241.1 Molniya","76mm AK-176 Magazine 152 Rounds","0"
"Pr 1241.1 Molniya","Strela2 x8 Mag","1"
"Pr 1241.1M Molniya-M","76mm AK-176 Magazine 152 Rounds","0"
"Pr 1241.1M Molniya-M","Strela3 x16 Mag","1"
"Pr 1241.1MR Molniya-MR","76mm AK-176 Magazine 152 Rounds","0"
"Pr 1241.1MR Molniya-MR","Strela3 x16 Mag","1"
"Pr 1241.RE Molniya-E","76mm AK-176 Magazine 152 Rounds","0"
"Pr 1241.RE Molniya-E","Strela2 x16 Mag","1"
"Comandante Joao Belo FF","100mm/55 Model 1953 1800 Rounds","0"
"Comandante Joao Belo FF","40mm L70 Trinity x2 Magazine","1"
"Comandante Joao Belo FF","Mk-32 Torpedo Racks","2"
"Comandante Joao Belo FF (1995)","100mm/55 Model 1953 1800 Rounds","0"
"Comandante Joao Belo FF (1995)","40mm L70 Trinity x2 Magazine","1"
"Comandante Joao Belo FF (1995)","Mk-32 Torpedo Racks","2"
"Comandante Joao Belo FF (1995) (Uruguay)","100mm/55 Model 1953 1800 Rounds","0"
"Comandante Joao Belo FF (1995) (Uruguay)","40mm L70 Trinity x2 Magazine","1"
"Comandante Joao Belo FF (1995) (Uruguay)","Mk-32 Torpedo Racks","2"
"Commandant Riviere FF","100mm/55 Model 1953 1800 Rounds","0"
"Commandant Riviere FF","40mm L70 Trinity x2 Magazine","1"
"Commandant Riviere FF","L Torpedo Racks 12 rounds","2"
"Aconit DD (1984)","100mm/55 Model 1968 1200 Rounds","0"
"Aconit DD (1984)","L Torpedo Racks 20 Rounds","1"
"Aconit DD","100mm/55 Model 1968 1200 Rounds","0"
"Aconit DD","L Torpedo Racks 20 Rounds","1"
"Aconit DD","Malafon Reloads 12 Rounds","2"
"CV-551 Giuseppe Garibaldi(2003)","Guiseppe Garibaldi Fuel Supply","0"
"CV-551 Giuseppe Garibaldi(2003)","Guiseppe Garibaldi Magazine","1"
"CV-551 Giuseppe Garibaldi","Guiseppe Garibaldi Fuel Supply","0"
"CV-551 Giuseppe Garibaldi","Guiseppe Garibaldi Magazine","1"
"CV R11 Princippe de Asturias","Princippe de Asturias Fuel Supply","0"
"CV R11 Princippe de Asturias","Princippe de Asturias Magazine","1"
"Wasp LHDM","Wasp LHDM Ammo Mag","0"
"Wasp LHDM","Phalanx 1 x2 Store","1"
"Wasp LHDM","Wasp LHDM Missile Store","2"
"Wasp LHDM","Wasp Fuel Supply","3"
"Wasp LHDM","Wasp Airwing Magazine","4"
"Santa Maria FFGHM","SH-60 1.1 Support","0"
"Santa Maria FFGHM","Mk-13 Mod4 Rotary Store 40","1"
"Santa Maria FFGHM","Meroka Store","2"
"Santa Maria FFGHM","76mm/62 mk75 240 rounds","3"
"Wichita AOR(1983)","Sea Sparrow Reloads","0"
"Wichita AOR(1983)","Phalanx 0 x2 Store","1"
"CH-46E","CH-53E Cargo","0"
"Wichita AOR","Sea Sparrow Reloads","0"
"Wichita AOR","76mm mk33 x2 store","1"
"Wichita AOR","Wichita Cargo - Ammo",""
"Wichita AOR","Wichita Cargo - Fuel",""
"Joao Coutinho FSH","76mm mk33 Store","0"
"Joao Coutinho FSH","40mm/70 x2 Magazine","1"
"Joao Coutinho FSH","Coutinho DC Racks","2"
"Joao Coutinho FSH(1989)","76mm mk33 Store","0"
"Joao Coutinho FSH(1989)","40mm/70 x2 Magazine","1"
"Joao Coutinho FSH(1989)","Coutinho DC Racks","2"
"Baptista de Andrade FSH","100mm/55 Model 1968 600 rounds","0"
"Baptista de Andrade FSH","40mm/70 x2 Magazine","1"
"Baptista de Andrade FSH","Mk-32 Torpedo Racks","2"
"Baptiste de Andrade FSH(1999)","100mm/55 Model 1968 600 rounds","0"
"Baptiste de Andrade FSH(1999)","40mm/70 x2 Magazine","1"
"Vasco da Gama FFG","100mm/55 Model 1968 600 rounds","0"
"Vasco da Gama FFG","Sea Sparrow Reloads","1"
"Vasco da Gama FFG","Phalanx 1 x1 Store","2"
"Vasco da Gama FFG","Lynx 1.2 Support","3"
"Tromp DDG(1977)","12cm/50(4.7in) Model 1950 Magazine","0"
"Tromp DDG(1977)","Mk-13 Mod4 Rotary Store 40","1"
"Tromp DDG(1977)","Sea Sparrow Reloads","2"
"Tromp DDG(1977)","Lynx 1.3 Support","3"
"Tromp DDG","12cm/50(4.7in) Model 1950 Magazine","0"
"Tromp DDG","Mk-13 Mod4 Rotary Store 40","1"
"Tromp DDG","Sea Sparrow Reloads","2"
"Tromp DDG","Lynx 1.3 Support","3"
"Tromp DDG(1984)","12cm/50(4.7in) Model 1950 Magazine","0"
"Tromp DDG(1984)","Mk-13 Mod4 Rotary Store 40","1"
"Tromp DDG(1984)","Sea Sparrow Reloads","2"
"Tromp DDG(1984)","Lynx 1.3 Support","3"
"Tromp DDG(1989)","12cm/50(4.7in) Model 1950 Magazine","0"
"Tromp DDG(1989)","Mk-13 Mod4 Rotary Store 40","1"
"Tromp DDG(1989)","Sea Sparrow Reloads","2"
"Tromp DDG(1989)","Lynx 1.3 Support","3"
"Tromp DDG(1989)","Goalkeeper x1 Store","4"
"Karel Doorman DDG","76mm/62 mk75 240 rounds","0"
"Karel Doorman DDG","Mk-48 VLS Mod1 16 Cell","1"
"Karel Doorman DDG","Goalkeeper x1 Store","2"
"Karel Doorman DDG","Lynx 1.2 Support","3"
"Karel Doorman DDG (1994)","76mm/62 mk75 240 rounds","0"
"Karel Doorman DDG (1994)","Mk-48 VLS Mod1 16 Cell","1"
"Karel Doorman DDG (1994)","Goalkeeper x1 Store","2"
"Karel Doorman DDG (1994)","Lynx 1.2 Support","3"
"Karel Doorman DDG (1994) (Belgium)","76mm/62 mk75 240 rounds","0"
"Karel Doorman DDG (1994) (Belgium)","Mk-48 VLS Mod1 16 Cell","1"
"Karel Doorman DDG (1994) (Belgium)","Goalkeeper x1 Store","2"
"Karel Doorman DDG (1994) (Belgium)","Lynx 1.2 Support","3"
"Karel Doorman DDG (1994) (Chile)","76mm/62 mk75 240 rounds","0"
"Karel Doorman DDG (1994) (Chile)","Mk-48 VLS Mod1 16 Cell","1"
"Karel Doorman DDG (1994) (Chile)","Goalkeeper x1 Store","2"
"Karel Doorman DDG (1994) (Chile)","Lynx 1.2 Support","3"
"Karel Doorman DDG (1994) (Portugal)","76mm/62 mk75 240 rounds","0"
"Karel Doorman DDG (1994) (Portugal)","Mk-48 VLS Mod1 16 Cell","1"
"Karel Doorman DDG (1994) (Portugal)","Goalkeeper x1 Store","2"
"Karel Doorman DDG (1994) (Portugal)","Lynx 1.2 Support","3"
"SSC-X(6) (Generic)","Generic Store (6)","0"
"SSC-X(12) (Generic)","Generic Store (12)","0"
"SSC-X(18) (Generic)","Generic Store (18)","0"
"SSC-X(24) (Generic)","Generic Store (24)","0"
"SSC-X(30) (Generic)","Generic Store (30)","0"
"SSC-X(36) (Generic)","Generic Store (36)","0"
"Poolster Improved AOR","Goalkeeper x1 Store","0"
"Poolster Improved AOR","Poolster Fuel Cargo","1"
"Poolster Improved AOR","Poolster Buoy Cargo","2"
"Poolster Improved AOR","Poolster Weapons Cargo","3"
"Fort Victoria AOR","Phalanx 0 x2 Store","0"
"Fort Victoria AOR","Poolster Fuel Cargo","1"
"Fort Victoria AOR","Poolster Buoy Cargo","2"
"Fort Victoria AOR","Poolster Weapons Cargo","3"
"Sea King HU.5","Generic Machine Gun Ammo 600 Rounds","0"
"Sea King HU.5","3000kg Generic Store","1"
"Fearless LPD","Sea Cat Store 48","0"
"Virginia CGN","Mk-26 Mod0 + Mod1 Store","0"
"Virginia CGN","127mm Mk-45 1200 rounds","1"
"Virginia CGN","SH-2F 1.1 Support","2"
"Type 062A PBG","Type 062 Ammo Mag","0"
"Type 062B PBG","Type 062B Ammo Mag","0"
"Type 062A PBG(Korea, North)","Type 062 Ammo Mag","0"
"Type 062B PBG(Bangladesh)","Type 062B Ammo Mag","0"
"Type 062B PBG(Zaire)","Type 062B Ammo Mag","0"
"Type 062B PBG(Albania)","Type 062B Ammo Mag","0"
"Type 062B PBG(Guinnea)","Type 062B Ammo Mag","0"
"Type 062B PBG(Korea, North)","Type 062B Ammo Mag","0"
"Type 062B PBG(Cameroon)","Type 062B Ammo Mag","0"
"Type 062B PBG(Congo)","Type 062B Ammo Mag","0"
"Type 062B PBG(Pakistan)","Type 062B Ammo Mag","0"
"Type 062B PBG(Sri Lanka)","Type 062B Ammo Mag","0"
"Type 062B PBG(Sierra Leone)","Type 062B Ammo Mag","0"
"Type 062B PBG(Tanzania)","Type 062B Ammo Mag","0"
"Type 062B PBG(Romania)","Type 062B Ammo Mag","0"
"Type 062B PBG(Vietnam, North)","Type 062B Ammo Mag","0"
"Z-9C ASW Helo","Cargo 3","0"
"Type 054 FFG","Crotale Naval 16","0"
"Type 054 FFG","AK-630 x4 Store","1"
"Type 054 FFG","100mm AK-100 Magazine 350 rounds","2"
"Type 054 FFG","Z-9C 1.2 Support","3"
"Type 053H FFG","100mm/56 Type 79A Magazine x2 600 Rounds","0"
"Type 053H FFG","37mm/63 Type 76 Magazine x4","1"
"Type 053H FFG","EDS-25A x2 12 rounds","2"
"Type 053K FFG","100mm/56 Type 79A Magazine x2 600 Rounds","0"
"Type 053K FFG","37mm/63 Type 76 Magazine x6","1"
"Type 053K FFG","EDS-25A x2 12 rounds","2"
"Type 053K FFG","HQ-61 Twin x2 32 Rounds","3"
"Type 053H1 FFG","100mm/56 Type 79A Magazine x2 600 Rounds","0"
"Type 053H1 FFG","37mm/63 Type 76 Magazine x6","1"
"Type 053H1 FFG","EDS-25A x2 12 rounds","2"
"Type 053H2","100mm/56 Type 79A Magazine x2 600 Rounds","0"
"Type 053H2","37mm/63 Type 76 Magazine x4","1"
"Type 053H2","EDS-25A x2 12 rounds","2"
"Type 053HT-H","100mm/56 Type 79A Magazine 300 Rounds","0"
"Type 053HT-H","37mm/63 Type 76 Magazine x4","1"
"Type 053HT-H","EDS-25A x2 12 rounds","2"
"Type 053HT-H","Z-9C 1.1 Support","3"
"Type 053H1G","100mm/56 Type 79A Magazine x2 600 Rounds","0"
"Type 053H1G","37mm/63 Type 76 Magazine x4","1"
"Type 053H1G","EDS-25A x2 12 rounds","2"
"Type 053H2G","Z-9C 1.2 Support","0"
"Type 053H2G","HQ-61 6pk 24 rounds","1"
"Type 053H2G","100mm/56 Type 79A Magazine 300 Rounds","2"
"Type 053H2G","37mm/63 Type 76 Magazine x4","3"
"Type 053H2G","EDS-25A x2 12 rounds","4"
"Type 051 DDG","130 mm/58 (5.1in) Type 76 x2 800 Rounds","0"
"Type 051 DDG","57mm Type 59 Store x4 2000 Rounds","1"
"Type 051 DDG","25mm Type 61 Store x2 8000 Rounds","2"
"Type 051 DDG","EDS-25B x2 36 Rounds","3"
"Type 051D DDG","130 mm/58 (5.1in) Type 76 x2 800 Rounds","0"
"Type 051D DDG","37mm/63 Type 76 Magazine x4","1"
"Type 051D DDG","25mm Type 61 Store x2 8000 Rounds","2"
"Type 051D DDG","EDS-25B x2 36 Rounds","3"
"Type 051G DDG","130 mm/58 (5.1in) Type 76 x2 800 Rounds","0"
"Type 051G DDG","37mm/63 Type 76 Magazine x4","1"
"Type 051G DDG","25mm Type 61 Store x2 8000 Rounds","2"
"Type 051G DDG","Chinese Torpedo Racks(18)","3"
"Type 051G DDG(2001)","100mm/56 Type 79A Magazine x2 800 Rounds","0"
"Type 051G DDG(2001)","37mm/63 Type 76 Magazine x4","1"
"Type 051G DDG(2001)","25mm Type 61 Store x2 8000 Rounds","2"
"Type 051G DDG(2001)","Chinese Torpedo Racks(18)","3"
"Type 051G DDG(2001)","HQ-7 Magazine","4"
"Type 051G2 DDG","130 mm/58 (5.1in) Type 76 x2 800 Rounds","0"
"Type 051G2 DDG","37mm/63 Type 76 Magazine x4","1"
"Type 051G2 DDG","25mm Type 61 Store x2 8000 Rounds","2"
"Type 051G2 DDG","Chinese Torpedo Racks(18)","3"
"Type 051G2 DDG(2003)","100mm/56 Type 79A Magazine x2 800 Rounds","0"
"Type 051G2 DDG(2003)","37mm/63 Type 76 Magazine x4","1"
"Type 051G2 DDG(2003)","25mm Type 61 Store x2 8000 Rounds","2"
"Type 051G2 DDG(2003)","Chinese Torpedo Racks(18)","3"
"Type 051G2 DDG(2003)","HQ-7 Magazine","4"
"Type 051B DDG","100mm/56 Type 79A Magazine 300 Rounds","0"
"Type 051B DDG","37mm/63 Type 76 Magazine x4","1"
"Type 051B DDG","Z-9C 2.2 Support","2"
"Type 051B DDG","HQ-7 Magazine","3"
"Type 051C DDG","100mm/56 Type 79A Magazine 300 Rounds","0"
"Type 051C DDG","Type 730 Ciws x2 Magazine","1"
"Type 051C DDG","Z-9C 2.2 Support","2"
"Type 052 DDG","100mm/56 Type 79A Magazine 300 Rounds","0"
"Type 052 DDG","37mm/63 Type 76 Magazine x4","1"
"Type 052 DDG","EDS-25B x2 36 Rounds","2"
"Type 052 DDG","Z-9C 2.2 Support","3"
"Type 052 DDG","HQ-7 Magazine","4"
"Type 052 DDG(2003)","100mm/56 Type 79A Magazine 300 Rounds","0"
"Type 052 DDG(2003)","37mm/63 Type 76 Magazine x4","1"
"Type 052 DDG(2003)","EDS-25B x2 36 Rounds","2"
"Type 052 DDG(2003)","Z-9C 2.2 Support","3"
"Type 052 DDG(2003)","HQ-7 Magazine","4"
"Type 052 DDG(2011)","100mm/56 Type 79A Magazine 300 Rounds","0"
"Type 052 DDG(2011)","Type 730 Ciws x2 Magazine","1"
"Type 052 DDG(2011)","EDS-32 x2 30 rounds","2"
"Type 052 DDG(2011)","Z-9C 2.2 Support","3"
"Type 052 DDG(2011)","HQ-7 Magazine","4"
"Type 052B DDG","100mm/56 Type 79A Magazine 300 Rounds","0"
"Type 052B DDG","Type 730 Ciws x2 Magazine","1"
"Type 052B DDG","Z-9C 2.2 Support","2"
"Type 054A FFG","Type 730 Ciws x2 Magazine","1"
"Type 054A FFG","Z-9C 1.2 Support","2"
"Type 054A FFG","76mm AK-176 Magazine 152 Rounds","3"
"Type 052C DDG","100mm/56 Type 79A Magazine 300 Rounds","0"
"Type 052C DDG","Type 730 Ciws x2 Magazine","1"
"Type 052C DDG","Z-9C 2.2 Support","2"
"Type 051DT DDG","130 mm/58 (5.1in) Type 76 400 Rounds","0"
"Type 051DT DDG","HQ-7 Magazine","1"
"Type 051DT DDG","Type 051DT Secondary Ammo Magazine","2"
"Type 051DT DDG","EDS-25B x2 36 Rounds","3"
"Type 051DT DDG","Z-9C 1.2 Support","4"
"Type 051DT DDG(1999)","130 mm/58 (5.1in) Type 76 400 Rounds","0"
"Type 051DT DDG(1999)","HQ-7 Magazine","1"
"Type 051DT DDG(1999)","Type 051DT Secondary Ammo Magazine","2"
"Type 051DT DDG(1999)","EDS-25B x2 36 Rounds","3"
"Type 051DT DDG(1999)","Z-9C 1.2 Support","4"
"Akizuki DD(1976)","127mm mk12/16 900 round",""
"Akizuki DD(1976)","76mm mk33 Store",""
"Akizuki DD(1976)","Japanese ASW Magazine",""
"Akizuki DD(1976)","Japanese Ship Torpedo Racks",""
"Abukuma FFG","76mm/62 mk75 240 rounds","0"
"Abukuma FFG","Japanese Ship Torpedo Racks","1"
"Abukuma FFG","Phalanx 1 x1 Store","2"
"Akebono DDE","40mm Bofors x2 Magazine","1"
"Akebono DDE","76mm mk33 Store","0"
"Akebono DDE","Japanese ASW Magazine","2"
"Akebono DDE(1959)","40mm Bofors x2 Magazine","1"
"Akebono DDE(1959)","76mm mk33 Store","0"
"Akebono DDE(1959)","Japanese ASW Magazine","2"
"Akizuki DD","127mm mk12/16 900 round","0"
"Akizuki DD","76mm mk33 Store","1"
"Akizuki DD","Japanese ASW Magazine","2"
"Akizuki DD","Japanese Ship Torpedo Racks","3"
"Akizuki DD","Weapon Alfa Reloads","4"
"Amatsukaze DDG","76mm mk33 Store","1"
"Amatsukaze DDG","Japanese ASW Magazine","2"
"Amatsukaze DDG","Mk-13 Rotary Store 40","0"
"Amatsukaze DDG(1967)","76mm mk33 Store","1"
"Amatsukaze DDG(1967)","Japanese Ship Torpedo Racks","2"
"Amatsukaze DDG(1967)","Mk-13 Rotary Store 40","0"
"Amatsukaze DDG(1978)","76mm mk33 Store","1"
"Amatsukaze DDG(1978)","Japanese Ship Torpedo Racks","2"
"Amatsukaze DDG(1978)","Mk-13 Rotary Store 40","0"
"Ayanami DD","76mm mk33 Store","0"
"Ayanami DD","Japanese ASW Magazine","1"
"Ayanami DD","Japanese Ship Torpedo Racks","2"
"Ayanami DD(1965)","76mm mk33 Store","0"
"Ayanami DD(1965)","Japanese ASW Magazine","1"
"Ayanami DD(1965)","Japanese Ship Torpedo Racks","2"
"Chikugo DDE","40mm Bofors x2 Magazine","1"
"Chikugo DDE","76mm mk33 Store","0"
"Chikugo DDE","Japanese Ship Torpedo Racks","2"
"Harukaze DD","127mm mk12/16 900 round","0"
"Harukaze DD","40mm Bofors x2 Magazine","1"
"Harukaze DD","Japanese ASW Magazine","2"
"Harukaze(1959)","127mm mk12/16 900 round","0"
"Harukaze(1959)","40mm Bofors x2 Magazine","1"
"Harukaze(1959)","Japanese ASW Magazine","2"
"Harukaze(1959)","Japanese Ship Torpedo Racks","3"
"Harukaze(1974)","127mm mk12/16 300 round","0"
"Harukaze(1974)","40mm Bofors x2 Magazine","1"
"Harukaze(1974)","Japanese ASW Magazine","2"
"Harukaze(1974)","Japanese Ship Torpedo Racks","3"
"Haruna DDH","127mm Mk-42 500 Rounds","0"
"Haruna DDH","SH-3 3.3 Support","1"
"Hatakaze DDG","127mm Mk-42 500 Rounds","1"
"Hatakaze DDG","Japanese Ship Torpedo Racks","3"
"Hatakaze DDG","Mk-13 Rotary Store 40","0"
"Hatakaze DDG","Phalanx 0 x2 Store","2"
"Hayabusa PGM","76mm/62 mk75 240 rounds","0"
"Ikazuchi DDE","40mm Bofors x2 Magazine","1"
"Ikazuchi DDE","76mm mk33 Store","0"
"Ikazuchi DDE","Japanese ASW Magazine","2"
"Ikazuchi DDE(1959)","40mm Bofors x2 Magazine","1"
"Ikazuchi DDE(1959)","76mm mk33 Store","0"
"Ikazuchi DDE(1959)","Japanese ASW Magazine","2"
"Ishikari FFG","76mm/62 mk75 240 rounds","0"
"Ishikari FFG","Japanese ASW Magazine","1"
"Ishikari FFG","Japanese Ship Torpedo Racks","2"
"Isuzu DDE","76mm mk33 Store","0"
"Isuzu DDE","Japanese ASW Magazine","1"
"Isuzu DDE","Japanese Ship Torpedo Racks","2"
"Murasame DD","127mm mk12/16 900 round","0"
"Murasame DD","76mm mk33 Store","1"
"Murasame DD","Japanese ASW Magazine","2"
"Murasame DD","Japanese Ship Torpedo Racks","3"
"Murasame DD(1975)","127mm mk12/16 900 round","0"
"Murasame DD(1975)","76mm mk33 Store","1"
"Murasame DD(1975)","Japanese Ship Torpedo Racks","3"
"PG01 PGM","20mm Sea Vulcan Ammo Box","0"
"Tachikaze DDG","127mm Mk-42 500 Rounds","1"
"Tachikaze DDG","Japanese Ship Torpedo Racks","2"
"Tachikaze DDG","Mk-13 Mod4 Rotary Store 40","0"
"Tachikaze DDG(1983)","127mm Mk-42 500 Rounds","1"
"Tachikaze DDG(1983)","Japanese Ship Torpedo Racks","2"
"Tachikaze DDG(1983)","Mk-13 Mod4 Rotary Store 40","0"
"Tachikaze DDG(1983)","Phalanx 0 x2 Store","3"
"Yamagumo DDK","76mm mk33 Store","0"
"Yamagumo DDK","Japanese ASW Magazine","1"
"Yamagumo DDK","Japanese Ship Torpedo Racks","2"
"Yuubari FFG","76mm/62 mk75 240 rounds","0"
"Yuubari FFG","Japanese ASW Magazine","1"
"Yuubari FFG","Japanese Ship Torpedo Racks","2"
"Atago","127mm Mk-45 680 rounds","1"
"Atago","Mk-41 VLS Mod2 96 Cell","0"
"Atago","Phalanx 1 x2 Store","2"
"Atago","SH-60 1.2 Support","3"
"Asagiri DDG","76mm/62 mk75 240 rounds","1"
"Asagiri DDG","Phalanx 0 x2 Store","2"
"Asagiri DDG","Sea Sparrow Reloads","0"
"Asagiri DDG","SH-60 1.2 Support","3"
"Haruna DDH(1986)","127mm Mk-42 500 Rounds","0"
"Haruna DDH(1986)","Phalanx 0 x2 Store","3"
"Haruna DDH(1986)","Sea Sparrow Reloads","2"
"Haruna DDH(1986)","SH-3 3.3 Support","1"
"Hatsuyuki DDG","76mm/62 mk75 240 rounds","1"
"Hatsuyuki DDG","Sea Sparrow Reloads","0"
"Hatsuyuki DDG","SH-3 1.1 Support","2"
"Hatsuyuki DDG(1988)","76mm/62 mk75 240 rounds","1"
"Hatsuyuki DDG(1988)","Phalanx 0 x2 Store","3"
"Hatsuyuki DDG(1988)","Sea Sparrow Reloads","0"
"Hatsuyuki DDG(1988)","SH-3 1.1 Support","2"
"Hatsuyuki DDG(1990)","76mm/62 mk75 240 rounds","1"
"Hatsuyuki DDG(1990)","Phalanx 0 x2 Store","3"
"Hatsuyuki DDG(1990)","Sea Sparrow Reloads","0"
"Hatsuyuki DDG(1990)","SH-3 1.1 Support","2"
"Minegumo DD","76mm mk33 Store","0"
"Minegumo DD","DASH 1.1 Support","1"
"Minegumo DD(-116)(1978)","76mm/62 mk75 x2 480 rounds","0"
"Minegumo DD(-116)(1978)","DASH 1.1 Support","1"
"Minegumo DD(-116)(1978)","Japanese ASW Magazine","2"
"Minegumo DD(1978)","76mm mk33 Store","0"
"Minegumo DD(1978)","76mm/62 mk75 240 rounds","1"
"Minegumo DD(1978)","DASH 1.1 Support","2"
"Minegumo DD(1978)","Japanese ASW Magazine","3"
"Murasame DDG","76mm/62 mk75 240 rounds","1"
"Murasame DDG","Mk-41 VLS Mod9 32 Cell","0"
"Murasame DDG","Phalanx 0 x2 Store","2"
"Murasame DDG","SH-60 1.2 Support","3"
"Shirane DDH","127mm Mk-42 500 Rounds","1"
"Shirane DDH","Sea Sparrow Reloads","0"
"Shirane DDH","SH-3 3.3 Support","2"
"Shirane DDH(1992)","127mm Mk-42 500 Rounds","1"
"Shirane DDH(1992)","Phalanx 0 x2 Store","2"
"Shirane DDH(1992)","Sea Sparrow Reloads","0"
"Shirane DDH(1992)","SH-3 3.3 Support","3"
"Takatsuki DD","127mm mk12/16 600 round","0"
"Takatsuki DD","DASH 3.1 Support","2"
"Takatsuki DD","Japanese ASW Magazine","1"
"Takatsuki DD(1984)","127mm mk12/16 300 round","0"
"Takatsuki DD(1984)","Sea Sparrow Reloads","1"
"Takatsuki DD(1977)","127mm mk12/16 600 round","0"
"Takatsuki DD(1977)","DASH 3.1 Support","2"
"Takatsuki DD(1977)","Japanese ASW Magazine","1"
"Takatsuki DD(1972)","127mm mk12/16 600 round","0"
"Takatsuki DD(1972)","DASH 3.1 Support","2"
"Takatsuki DD(1972)","Japanese ASW Magazine","1"
"Takanami DDG","127mm Mk-42 500 Rounds","1"
"Takanami DDG","Japanese Ship Torpedo Racks","3"
"Takanami DDG","Mk-41 VLS Mod9 32 Cell","0"
"Takanami DDG","Phalanx 1 x2 Store","2"
"Type 053H3","Z-9C 1.2 Support","0"
"Type 053H3","HQ-7 Magazine","1"
"Type 053H3","100mm/56 Type 79A Magazine 300 Rounds","2"
"Type 053H3","37mm/63 Type 76 Magazine x4","3"
"Type 053H3","EDS-25A x2 12 rounds","4"
"Type 051Z DDG","130 mm/58 (5.1in) Type 76 400 Rounds","0"
"Type 051Z DDG","37mm/63 Type 76 Magazine x4","1"
"Type 051Z DDG","25mm Type 61 Store x2 8000 Rounds","2"
"Type 051Z DDG","EDS-25B x2 36 Rounds","3"
"Type 051Z DDG","HQ-7 Magazine","4"
"Oyashio","Sub 20","0"
"Kongo DDG","127mm Mk-45 680 rounds","1"
"Kongo DDG","Mk-41 VLS Mod2 90 Cell","0"
"Kongo DDG","Phalanx 1 x2 Store","2"
"Kongo DDG","SH-60 1.2 Support","3"
"Kurushio SS","Sub 24","0"
"Hayashio","Sub 6","0"
"Oyashio SS","Sub 16","0"
"Natsushio","Sub 6","0"
"Oshio","Sub 20","0"
"Asashio","Sub 20","0"
"Uzushio","Sub 14","0"
"Uzushio(1972)","Sub 14","0"
"Uzushio(1976)","Sub 14","0"
"Yushio(1985)","Sub 20","0"
"Yushio(1987)","Sub 20","0"
"Soryu","Sub 30","0"
"Agosta","Sub 20","0"
"Agosta(Spain)","Sub 20","0"
"Agosta(Pakistan)","Sub 20","0"
"Agosta 90B(Pakistan)","Sub 20","0"
"MIM-23 Hawk","MIM-23 Hawk Store","0"
"MIM-23 I-Hawk Phase1","MIM-23 I-Hawk Phase1 Store","1"
"MIM-23 I-Hawk Phase3","MIM-23 I-Hawk Phase3 Store","1"
"S-25 Berkut","S-25 Berkut Store","0"
"Albion Class LPD","Albion LPD Ammo Mag","0"
"Chi Yang Class FFG","SH-2F 1.1 Support","0"
"Chi Yang Class FFG","Phalanx 0 x1 Store","2"
"Chi Yang Class FFG","127mm Mk-42 500 Rounds","1"
"Hai Shih SS","Hai Shih Torpedo Magazine","0"
"Hai Shih SS","127mm Mk-42 500 Rounds","1"
"Hai Shih SS","Hai Shih Magazine","2"
"Kang Ding Class FFG","Kang Ding Helo Stores","1"
"Kang Ding Class FFG","100mm/55 Model 1968 600 rounds","2"
"Kang Ding Class FFG","Crotale Naval 26","3"
"Kang Ding Class FFG","Kang Ding Combat Stores","4"
"Kawasaki C-1","Kawasaki C-1 Cargo Bay","0"
"KC-135R","KC-135R CARGO","0"
"Kee Lung Class DDG","SH-60 1.2 Support","0"
"Kee Lung Class DDG","Mk-26 Mod0 + Mod1 Store","1"
"Kee Lung Class DDG","Phalanx 0 x1 Store","3"
"Kee Lung Class DDG","127mm Mk-45 1200 rounds","2"
"Kee Lung Class DDG","SRBOC Magazine","4"
"Merlin HM2","Cargo 20","0"
"Ocean LPH","Ocean LPH Ammo Mag","0"
"Ocean LPH","Wasp Fuel Supply","1"
"Ocean LPH","Ocean Airwing Magazine","2"
"Pr 955 Borei","Borei Magazine","0"
"Vanguard-class","Ohio Torpedo Room","0"
"Voyager KC3","Voyager Cargo","0"
"Voyager KC2","Voyager Cargo","0"
"Yung Ching Class MH","Osprey MHC Ammo Mag","0"
"M2A3 Bradley","M2A3 TOW Store","0"
"BMP-1","BMP1 Store","0"
"BMP-2","BMP1 Store","0"
"MIM-72A Chaparral","Chaparral Store","0"
"T-54 MBT","12.7mm store","0"
"T-55 MBT","12.7mm store","0"
"T-62 MBT","12.7mm store","0"
"T-64 MBT","12.7mm store","0"
"T-72 MBT","12.7mm store","0"
"T-80 MBT","12.7mm store","0"
"T-90 MBT","12.7mm store","0"
"CV-59 (Forrestal) USS Forrestal","Forrestal Fuel","0"
"CV-59 (Forrestal) USS Forrestal","Forrestal Magazine","1"
"CV-60 (Forrestal) USS Saratoga","Forrestal Fuel","0"
"CV-60 (Forrestal) USS Saratoga","Forrestal Magazine","1"
"CV-61 (Forrestal) USS Ranger","Forrestal Fuel","0"
"CV-61 (Forrestal) USS Ranger","Forrestal Magazine","1"
"CV-62 (Forrestal) USS Independence","Forrestal Fuel","0"
"CV-62 (Forrestal) USS Independence","Forrestal Magazine","1"
"CV-59 (Forrestal) USS Forrestal(68)","Forrestal Fuel","0"
"CV-59 (Forrestal) USS Forrestal(68)","Forrestal Magazine","1"
"CV-60 (Forrestal) USS Saratoga(69)","Forrestal Fuel","0"
"CV-60 (Forrestal) USS Saratoga(69)","Forrestal Magazine","1"
"CV-61 (Forrestal) USS Ranger(64)","Forrestal Fuel","0"
"CV-61 (Forrestal) USS Ranger(64)","Forrestal Magazine","1"
"CV-62 (Forrestal) USS Independence(68)","Forrestal Fuel","0"
"CV-62 (Forrestal) USS Independence(68)","Forrestal Magazine","1"
"CV-59 (Forrestal) USS Forrestal(SLEP)","Forrestal Fuel","0"
"CV-59 (Forrestal) USS Forrestal(SLEP)","Forrestal Magazine","1"
"CV-60 (Forrestal) USS Saratoga(SLEP)","Forrestal Fuel","0"
"CV-60 (Forrestal) USS Saratoga(SLEP)","Forrestal Magazine","1"
"CV-61 (Forrestal) USS Ranger(SLEP)","Forrestal Fuel","0"
"CV-61 (Forrestal) USS Ranger(SLEP)","Forrestal Magazine","1"
"CV-62 (Forrestal) USS Independence(SLEP)","Forrestal Fuel","0"
"CV-62 (Forrestal) USS Independence(SLEP)","Forrestal Magazine","1"
"Airstrip (Russia)","Fuel depot","0"
"Airstrip (Russia)","Generic stores","1"
"Airstrip(USA)","Fuel depot","0"
"Airstrip(USA)","Generic stores","1"
"Airstrip, Small (Russia)","Fuel depot","0"
"Airstrip, Small (Russia)","Generic stores","1"
"Airstrip, Small (USA)","Fuel depot","0"
"Airstrip, Small (USA)","Generic stores","1"
"SSN 774 Virginia","SSN774 magazine","0"
"SSN 774.3 Virginia","SSN774 magazine","0"
"SSN 774.3 Virginia","SSN774 LPT magazine","1"
"SSN 774.4 Virginia","SSN774 magazine","0"
"SSN 774.4 Virginia","SSN774 LPM magazine","1"
"SSN 774.5 Virginia","SSN774 magazine","0"
"SSN 774.5 Virginia","SSN774 LPM magazine","1"
"SSN 593 Thresher","SSN594 Magazine","0"
"SSN 594 Permit","SSN594 Magazine","0"
